customer_age,vehicle_age,subscription_length,region_density,fuel_type,segment,transmission_type,airbags,ncap_rating,description_llm
41,1.6,10.2,27003,Diesel,C2,Automatic,6,3,"Ce client automobile de 41 ans possède un véhicule C2 segment (probablement une petite voiture) avec transmission automatique et six airbags intégrés. Le véhicule a environ 1,6 an depuis sa production, ce qui suggère des niveaux modérés d'utilisation potentiels. Situé dans un endroit dense en population (27003), le client utilise probablement du carburant diesel pour son trajet quotidien de travail ou domicile-travail. Avec une durée de souscription à l'assurance d'environ 10,2 ans, cela indique un engagement soutenu avec la compagnie d'assurance et peut impliquer des facteurs comme le coût du risque plus élevé en raison de l'âge avancé du véhicule. La classification NAPA (Nationwide Precipitating Accident) est 3, indiquant un niveau modéré d'historique accidentel potentiel qui pourrait influencer les primes d'assurance ou la couverture disponible.

(Word Count: 98)"
41,2.0,10.9,73430,Petrol,B2,Manual,2,2,"Ce client automobile âgé de 41 ans détient une voiture à deux ans avec un contrat auto en cours depuis environ dix-neuf mois et réside dans une région dense (population par km² : 73,430). La voiture fonctionne au carburant essence et appartient à la segmentation B2. Elle possède une transmission manuelle et est équipée de deux airbags avec un NAPA rating de 2 sur dix. Cette description encapsule les spécificités du dossier, y compris l'âge des conducteur(trice)s, le statut actuel de la voiture (nouvelle), sa catégorie segmentaire et ses caractéristiques techniques essentielles pour évaluer un sinistre potentiel."
41,0.4,12.2,27003,Diesel,C1,Manual,2,4,"Ce client automobile de 41 ans possède un véhicule neuf (vehicle_age : 0.4) avec une souscription en cours depuis plus de 12 mois (subscription_length : 12,2). Situé dans une région dense (region_density: 27,003), le conducteur utilise un véhicule diesel segment C1 équipé d'une transmission manuelle et doté de deux airbags. Le véhicule a également reçu une classification NAPA avec une note de 4 sur la base des évaluations du marché, indiquant sa fiabilité relative dans son secteur géographique. Cette information est cruciale pour comprendre les risques potentiels et le profil d'assurance correspondants.

(Contenu: 75 mots)"
57,1.0,11.1,34738,CNG,B1,Manual,2,2,"Ce client automobile de 57 ans possède un véhicule neuf (vehicle_age = 1 an) avec une durée de souscription en cours depuis plus d'un an et demi (subscription_length = 11.1 mois). Situé dans une région dense démographiquement, le conducteur opte pour un véhicule à essence naturelle gazeuse (fuel_type: CNG), typiquement utilisé en milieu urbain avec de fortes densités d'infrastructures routières. Le segment B1 indique une voiture moyenne sans équipements premium, propulsée par un système manuel de transmission et doté de deux airbags pour la sécurité passive des occupants. Avec le ncap_rating 2, ce véhicule répond aux normes minimales d'assurance en matière de résistance au crash selon les réglementations locales ou internationales pertinentes à cette densité démographique et infrastructurelle spécifique.

(Word Count: 97)"
53,0.0,1.1,4076,CNG,A,Manual,2,0,"Le client actuel est un homme de 53 ans possédant une voiture neuve (vehicle_age = 0) avec des coûts mensuels bas en raison du faible subscription_length de seulement 1.1, suggérant peut-être un contrat à durée déterminée ou saisonnier dans la région dense (region_density: 4076). La voiture fonctionne au gaz naturel comprimé (fuel_type: CNG), ce qui pourrait être une considération écologique et financière. Confiant aux segments A, cette automobile dispose d'une transmission manuelle—un attribut souvent recherché par les amateurs de conduite traditionnelle ou ceux cherchant à réduire leurs coûts en carburant grâce au CNG moins onéreux que l'essence régulière. Cependant, le véhicule ne dispose pas d'airbags (ncap_rating: 0), ce qui pourrait être un point critique de préoccupation lorsqu'il s'agit du sinistre potentiel et des coûts associés à la réparation ou au remplacement.

(Word Count: 97)"
40,0.0,5.7,34791,CNG,A,Manual,2,0,"Ce client automobile de 40 ans possède un véhicule neuf (vehicle_age: 0) avec une souscription en cours depuis près de six mois (subscription_length: 5.7). Situé dans une région dense démographiquement parlant, le conducteur utilise du gaz naturel comme carburant principal (fuel_type: CNG), ce qui pourrait influencer les coûts d'assurance potentiels en raison des risques spécifiques associés à cette option de propulsion. Le véhicule appartient au segment A, généralement désigné comme un modèle intermédiaire avec une transmission manuelle (transmission_type: Manual). Il est équipé d'airbags pour la sécurité passive du conducteur et des occupants de l'arrière. Cependant, le véhicule n'a pas été évalué par NAPA (ncap_rating: 0), ce qui peut affecter son classement en matière de risque d'assurance sans données supplémentaires sur les antécédents et la conduite du conducteur."
56,0.8,8.7,27742,Diesel,C2,Automatic,6,3,"Ce client automobile de 56 ans possède un véhicule neuf (vehicle_age = 0.8) avec une souscription en cours depuis plus de huit années et demie (subscription_length = 8.7). Situé dans une région dense démographiquement parlant, le conducteur utilise du carburant diesel pour son véhicule segment C2 d'une transmission automatique équipée de six airbags. Le véhicule a un NAPA rating élevé (ncap_rating = 3), indiquant une forte résilience structurelle, ce qui est particulièrement important dans les zones densément peuplées comme la sienne avec une population estimée à environ 27 742 personnes par kilomètre carré. Cette combinaison de facteurs suggère un profil d'utilisateur conscient des risques et intéressé en matière de sécurité automobile, ce qui pourrait influencer les détails du sinistre potentiel ou le processus de réclamation ultérieur."
40,1.0,11.8,4076,Petrol,B2,Manual,2,2,"Ce client automobile âgé de 40 ans détient une voiture neuve (vehicle_age = 1 an) depuis plus d'un peu plus d'un an et demi (subscription_length = 11.8 mois). Située dans une région avec un fort taux de densité démographique (region_density = 4076), la voiture est alimentée au pétrole (fuel_type = Petrol) et appartient à l'échantillon segment B, probablement des voitures familiales ou utilitaires. Elle possède une transmission manuelle et dispose de deux airbags, indiquant un certain niveau d'équipement standard pour la sécurité passive (ncap_rating = 2). Ces détails suggèrent que le véhicule est probablement destiné à des utilisateurs occasionnels ou familiales qui privilégient les performances mécaniques traditionnelles et une certaine protection en cas d'accident."
51,0.0,8.7,34738,CNG,A,Manual,2,0,"Ce client automobile de 51 ans possède un véhicule neuf (vehicle_age: 0) avec une souscription en cours depuis environ 9 mois (subscription_length: 8.7). Le conducteur opte pour le carburant naturellement renouvelable, le gaz de pétrole liquéfié (fuel_type: CNG), ce qui peut refléter un engagement à réduire les émissions et soutenir l'environnement durable. Conduisant une voiture du segment A – généralement associée aux véhicules de luxe ou hautement performants (segment) avec transmission manuelle, le client dispose également d'une sélection standard de deux airbags pour la protection des occupants. Cependant, il convient de noter que ce véhicule n'a pas été évalué par lève-vitesses en ligne ou sur terrain (ncap_rating: 0), suggérant une absence potentielle d'informations disponibles concernant les performances dynamiques du modèle. La région de densité est relativement haute, indiquée comme étant 34 738 personnes par kilomètre carré, ce qui pourrait impliquer un trafic urbain intense et une probabilité accrue d'accidents ou sinistres dans cette zone (region_density: 34738).

(Word Count: 96)"
51,1.2,10.3,6108,Petrol,B2,Manual,2,2,"Ce client automobile âgé de 51 ans possède un véhicule relativement jeune (âge du véhicule : 1 an et demi) avec une durée contractuelle actuelle de contrat longue, soit environ 10 ans et 3 mois. Le conducteur opère dans une région dense en population (densité: 6108/km²). Son véhicule fonctionne au carburant essence et appartient à la segmentation B2, probablement un modèle familial ou utilitaire de milieu de gamme avec transmission manuelle. Le conducteur dispose d'un système de sécurité comprenant deux airbags (niveau CAP), indiquant une attention portée aux mesures préventives en matière de santé et de sécurité routières, ce qui pourrait influencer les réclamations potentielles ou le coût des sinistres."
